NAME;LAST_NAME;EMAIL;PHONE;COMPANY_NAME
Иван;Петров;ivan.ivanov@example.com;79161234567;IT-solution
Мария;Петрова;maria.petrova@example.com;79261234568;Компания чемпионов
Алексей;Сидоров;alex.sidorov@example.com;79361234569;Супер битрикс
Елена;Кузнецова;elena.kuznetsova@example.com;79461234570;IT-solution
Дмитрий;Смирнов;dmitry.smirnov@example.com;79561234571;Компания чемпионов
Ольга;Васильева;olga.vasileva@example.com;79661234572;Супер битрикс
Сергей;Попов;sergey.popov@example.com;79761234573;IT-solution
Анна;Новикова;anna.novikova@example.com;79861234574;Компания чемпионов
Андрей;Морозов;andrey.morozov@example.com;79961234575;Супер битрикс
Наталья;Волкова;natalia.volkova@example.com;79061234576;IT-solution
Михаил;Лебедев;mikhail.lebedev@example.com;79161234577;Компания чемпионов
Екатерина;Семенова;ekaterina.semenova@example.com;79261234578;Супер битрикс
Артем;Павлов;artem.pavlov@example.com;79361234579;Компания чемпионов
Юлия;Фролова;yulia.frolova@example.com;79461234580;Компания чемпионов
Александр;Николаев;alexandr.nikolaev@example.com;79561234581;Супер битрикс
Татьяна;Орлова;tatiana.orlova@example.com;79661234582;IT-solution
Павел;Андреев;pavel.andreev@example.com;79761234583;Компания чемпионов
Светлана;Макарова;svetlana.makarova@example.com;79861234584;Супер битрикс
Николай;Захаров;nikolay.zakharov@example.com;79961234585;IT-solution
Евгения;Власова;evgenia.vlasova@example.com;79061234586;Компания чемпионов
Виктор;Белов;viktor.belov@example.com;79161234587;Супер битрикс
Алина;Кудрявцева;alina.kudryavtseva@example.com;79261234588;IT-solution
Глеб;Тимофеев;gleb.timofeev@example.com;79361234589;Компания чемпионов
Ксения;Романова;ksenia.romanova@example.com;79461234590;Супер битрикс
Станислав;Федотов;stanislav.fedotov@example.com;79561234591;IT-solution
Валерия;Жукова;valeria.zhukova@example.com;79661234592;Компания чемпионов
Роман;Соловьев;roman.soloviev@example.com;79761234593;Супер битрикс
Арина;Тихонова;arina.tikhonova@example.com;79861234594;IT-solution
Игорь;Данилов;igor.danilov@example.com;79961234595;Компания чемпионов
Полина;Савельева;polina.savelieva@example.com;79061234596;Супер битрикс
Константин;Громов;konstantin.gromov@example.com;79161234597;IT-solution
Вероника;Егорова;veronika.egorova@example.com;79261234598;Компания чемпионов
Григорий;Козлов;grigory.kozlov@example.com;79361234599;Супер битрикс
Людмила;Ильина;lyudmila.ilina@example.com;79461234600;IT-solution
Вадим;Максимов;vadim.maximov@example.com;79561234601;Компания чемпионов
Ангелина;Гусева;angelina.guseva@example.com;79661234602;Супер битрикс
Борис;Степанов;boris.stepanov@example.com;79761234603;IT-solution
Зоя;Фомина;zoya.fomina@example.com;79861234604;Компания чемпионов
Ярослав;Дорофеев;yaroslav.dorofeev@example.com;79961234605;Супер битрикс
Регина;Назарова;regina.nazarova@example.com;79061234606;IT-solution
Артур;Лазарев;artur.lazarev@example.com;79161234607;Компания чемпионов
Элина;Бирюкова;elina.biryukova@example.com;79261234608;Супер битрикс
Семен;Медведев;semen.medvedev@example.com;79361234609;IT-solution
Лидия;Щербакова;lidia.shcherbakova@example.com;79461234610;Компания чемпионов
Тимур;Блинов;timur.blinov@example.com;79561234611;Супер битрикс
Кира;Колесникова;kira.kolesnikova@example.com;79661234612;IT-solution
Василий;Карпов;vasily.karpov@example.com;79761234613;Компания чемпионов
Диана;Афанасьева;diana.afanasieva@example.com;79861234614;Супер битрикс
Георгий;Воронов;georgy.voronov@example.com;79961234615;IT-solution
Ульяна;Пономарева;ulyana.ponomareva@example.com;79061234616;Компания чемпионов
Марат;Шестаков;marat.shestakov@example.com;79161234617;Супер битрикс
Эльвира;Демидова;elvira.demidova@example.com;79261234618;IT-solution
Руслан;Терентьев;ruslan.terentiev@example.com;79361234619;Компания чемпионов
Алла;Коновалова;alla.konovalova@example.com;79461234620;Супер битрикс
Джон;Джонов;jon@gmail.com;79841233212;IT-solution
Джек;Джеков;jack@gmail.com;79814355643;IT-solution
Майкл;Майклов;mikle@gmail.com;79814355903;IT-solution
Сергей;Майклов;mikle@gmail.com;79004355903;IT-solution
Сергей;Джордан;sergey@gmail.com;79114355903;IT-solution
